<?xml version = '1.0' encoding = 'UTF-8'?>
<Relation class="oracle.dbtools.crest.model.design.logical.Relation" name="r9" directorySegmentName="seg_0" id="0AA1A8BF-D9EC-655D-2F74-E3E4B02C70B9">
<createdBy>songye</createdBy>
<createdTime>2015-11-09 06:29:18 UTC</createdTime>
<ownerDesignName>F15C7LogicalModel</ownerDesignName>
<engineerTo>
<item key="1F6562BC-D090-2B39-0819-900C2DA79678" value="true"/>
</engineerTo>
<sourcePk>4ED7D881-A82A-DFA7-273E-8983CA963B6E</sourcePk>
<identifying>false</identifying>
<optionalSource>true</optionalSource>
<optionalTarget>false</optionalTarget>
<sourceCardinality>1</sourceCardinality>
<sourceEntity>2039FC25-14CE-A06E-E063-AFFF4F18357C</sourceEntity>
<targetCardinalityString>*</targetCardinalityString>
<targetEntity>7AC3AAE9-7B6C-5A10-DBFE-22A8A5C51C00</targetEntity>
<transferable>true</transferable>
<deleteRule>NO ACTION</deleteRule>
</Relation>