<?xml version = '1.0' encoding = 'UTF-8'?>
<Relation class="oracle.dbtools.crest.model.design.logical.Relation" name="r15" directorySegmentName="seg_0" id="46833FA8-B613-27CD-C86B-943843685F1B">
<createdBy>songye</createdBy>
<createdTime>2015-11-09 06:30:29 UTC</createdTime>
<ownerDesignName>F15C7LogicalModel</ownerDesignName>
<engineerTo>
<item key="1F6562BC-D090-2B39-0819-900C2DA79678" value="true"/>
</engineerTo>
<sourcePk>C8187617-9BA6-0F37-EB94-F28CE2C6A11C</sourcePk>
<identifying>false</identifying>
<optionalSource>true</optionalSource>
<optionalTarget>false</optionalTarget>
<sourceCardinality>1</sourceCardinality>
<sourceEntity>B56E8DBD-8431-4751-5653-1231AC054EDE</sourceEntity>
<targetCardinalityString>*</targetCardinalityString>
<targetEntity>64D38E5E-1BCC-8005-F70C-798ED82520AC</targetEntity>
<transferable>true</transferable>
<deleteRule>NO ACTION</deleteRule>
</Relation>