<?xml version = '1.0' encoding = 'UTF-8'?>
<Relation class="oracle.dbtools.crest.model.design.logical.Relation" name="r5" directorySegmentName="seg_0" id="5C759E18-32AC-8AD9-54DD-CF34236C1444">
<createdBy>songye</createdBy>
<createdTime>2015-11-09 06:27:58 UTC</createdTime>
<ownerDesignName>F15C7LogicalModel</ownerDesignName>
<engineerTo>
<item key="1F6562BC-D090-2B39-0819-900C2DA79678" value="true"/>
</engineerTo>
<sourcePk>E33A1B36-61DD-C8DC-285C-CB257935FC41</sourcePk>
<identifying>false</identifying>
<optionalSource>true</optionalSource>
<optionalTarget>false</optionalTarget>
<sourceCardinality>1</sourceCardinality>
<sourceEntity>4555A596-6B01-2A3A-6691-7E3748CF8D6E</sourceEntity>
<targetCardinalityString>*</targetCardinalityString>
<targetEntity>9748DC92-6B3C-5726-6119-6223F835FAF2</targetEntity>
<transferable>true</transferable>
<deleteRule>NO ACTION</deleteRule>
</Relation>