<?xml version = '1.0' encoding = 'UTF-8'?>
<Relation class="oracle.dbtools.crest.model.design.logical.Relation" name="r3" directorySegmentName="seg_0" id="A8D2C1DE-F161-4AF4-9BC2-0378E60907B0">
<createdBy>songye</createdBy>
<createdTime>2015-11-09 06:27:30 UTC</createdTime>
<ownerDesignName>F15C7LogicalModel</ownerDesignName>
<engineerTo>
<item key="1F6562BC-D090-2B39-0819-900C2DA79678" value="true"/>
</engineerTo>
<sourcePk>C8187617-9BA6-0F37-EB94-F28CE2C6A11C</sourcePk>
<identifying>false</identifying>
<optionalSource>true</optionalSource>
<optionalTarget>false</optionalTarget>
<sourceCardinality>1</sourceCardinality>
<sourceEntity>B56E8DBD-8431-4751-5653-1231AC054EDE</sourceEntity>
<targetCardinalityString>*</targetCardinalityString>
<targetEntity>9748DC92-6B3C-5726-6119-6223F835FAF2</targetEntity>
<transferable>true</transferable>
<deleteRule>NO ACTION</deleteRule>
</Relation>