<?xml version = '1.0' encoding = 'UTF-8'?>
<Relation class="oracle.dbtools.crest.model.design.logical.Relation" name="r1" directorySegmentName="seg_0" id="BAB582C9-9F8A-C7E8-E11C-C2522E6A4351">
<createdBy>songye</createdBy>
<createdTime>2015-11-09 06:26:05 UTC</createdTime>
<ownerDesignName>F15C7LogicalModel</ownerDesignName>
<engineerTo>
<item key="1F6562BC-D090-2B39-0819-900C2DA79678" value="true"/>
</engineerTo>
<sourcePk>C8187617-9BA6-0F37-EB94-F28CE2C6A11C</sourcePk>
<targetPk>0E6F14FB-FB9F-4B6C-9268-95716D8443D2</targetPk>
<identifying>false</identifying>
<optionalSource>true</optionalSource>
<optionalTarget>true</optionalTarget>
<sourceCardinality>1</sourceCardinality>
<sourceEntity>B56E8DBD-8431-4751-5653-1231AC054EDE</sourceEntity>
<targetCardinalityString>1</targetCardinalityString>
<targetEntity>1C279712-7EC1-F043-8C96-BA38F6781767</targetEntity>
<transferable>true</transferable>
<deleteRule>NO ACTION</deleteRule>
</Relation>