<?xml version = '1.0' encoding = 'UTF-8'?>
<Relation class="oracle.dbtools.crest.model.design.logical.Relation" name="r14" directorySegmentName="seg_0" id="C08F3D81-0078-F20A-5579-984E5734470D">
<createdBy>songye</createdBy>
<createdTime>2015-11-09 06:30:12 UTC</createdTime>
<ownerDesignName>F15C7LogicalModel</ownerDesignName>
<engineerTo>
<item key="1F6562BC-D090-2B39-0819-900C2DA79678" value="true"/>
</engineerTo>
<sourcePk>4ED7D881-A82A-DFA7-273E-8983CA963B6E</sourcePk>
<identifying>false</identifying>
<optionalSource>true</optionalSource>
<optionalTarget>false</optionalTarget>
<sourceCardinality>1</sourceCardinality>
<sourceEntity>2039FC25-14CE-A06E-E063-AFFF4F18357C</sourceEntity>
<targetCardinalityString>*</targetCardinalityString>
<targetEntity>64D38E5E-1BCC-8005-F70C-798ED82520AC</targetEntity>
<transferable>true</transferable>
<deleteRule>NO ACTION</deleteRule>
</Relation>