<?xml version = '1.0' encoding = 'UTF-8'?>
<Table class="oracle.dbtools.crest.model.design.relational.Table" directorySegmentName="seg_0" id="1D9E179C-B61E-3D03-0154-D0A85FF12B58" name="F15C7Hist">
<createdBy>songye</createdBy>
<createdTime>2015-11-09 06:31:44 UTC</createdTime>
<generatorID>DC49498F-96AD-E417-FF5A-2B274AAD8084</generatorID>
<ownerDesignName>F15C7LogicalModel</ownerDesignName>
<allowColumnReorder>false</allowColumnReorder>
<existDependencyGenerateInDDl>true</existDependencyGenerateInDDl>
<parsed>true</parsed>
<columns itemClass="oracle.dbtools.crest.model.design.relational.Column">
<Column name="history_id" id="E1A04ED4-D0AB-8473-1978-51734871606A">
<createdBy>songye</createdBy>
<createdTime>2015-11-09 06:31:44 UTC</createdTime>
<generatorID>4EBA6E04-7CFA-8168-D372-2F72E8F0AD61</generatorID>
<ownerDesignName>F15C7LogicalModel</ownerDesignName>
<useDomainConstraints>false</useDomainConstraints>
<use>1</use>
<logicalDatatype>LOGDT011</logicalDatatype>
<ownDataTypeParameters>,,</ownDataTypeParameters>
<autoIncrementCycle>false</autoIncrementCycle>
</Column>
<Column name="F15C7RFE_rfe_id" id="4B78D6BF-5F9D-E0A8-8BC4-44907AD7921D">
<createdBy>songye</createdBy>
<createdTime>2015-11-09 06:31:44 UTC</createdTime>
<generatorID>6ED4BDDA-D1F4-A04D-E763-31C3EC888523</generatorID>
<ownerDesignName>F15C7LogicalModel</ownerDesignName>
<useDomainConstraints>false</useDomainConstraints>
<use>1</use>
<logicalDatatype>LOGDT011</logicalDatatype>
<ownDataTypeParameters>,,</ownDataTypeParameters>
<previousColumn>false</previousColumn>
<autoIncrementCycle>false</autoIncrementCycle>
<associations>
<colAssociation fkAssociation="308A9DA9-426D-01E1-2FC6-373851416D91" referredColumn="62578415-554F-8509-6D59-036FEC0F721D"/>
</associations>
</Column>
</columns>
<indexes itemClass="oracle.dbtools.crest.model.design.relational.Index">
<ind_PK_UK id="AB248B2F-C8D6-7535-2F7B-BBD975BC8D73" name="F15C7Hist_PK">
<createdBy>songye</createdBy>
<createdTime>2015-11-09 06:31:44 UTC</createdTime>
<generatorID>1E86F8E1-F1ED-BA8B-8DB8-844F8B8ABB32</generatorID>
<ownerDesignName>F15C7LogicalModel</ownerDesignName>
<pk>true</pk>
<indexState>Primary Constraint</indexState>
<isSurrogateKey>false</isSurrogateKey>
<indexColumnUsage>
<colUsage columnID="E1A04ED4-D0AB-8473-1978-51734871606A"/>
</indexColumnUsage>
</ind_PK_UK>
<ind_PK_UK id="AF2CC5FD-1564-0BA5-8A7B-7F5067EFCF2D" name="F15C7Hist_F15C7RFE_FK">
<createdBy>songye</createdBy>
<createdTime>2015-11-09 06:31:44 UTC</createdTime>
<generatorID>E5F2F40C-A896-EC4B-6532-CBDB962F65C6</generatorID>
<ownerDesignName>F15C7LogicalModel</ownerDesignName>
<indexState>Foreign Key</indexState>
<isSurrogateKey>false</isSurrogateKey>
<indexColumnUsage>
<colUsage columnID="4B78D6BF-5F9D-E0A8-8BC4-44907AD7921D"/>
</indexColumnUsage>
</ind_PK_UK>
</indexes>
</Table>