<?xml version = '1.0' encoding = 'UTF-8'?>
<Table class="oracle.dbtools.crest.model.design.relational.Table" directorySegmentName="seg_0" id="581C812C-44E6-B814-F9A3-6A8EB3530488" name="F15C7StatCode">
<createdBy>songye</createdBy>
<createdTime>2015-11-09 06:31:44 UTC</createdTime>
<generatorID>8B74AA7B-8CFD-87C5-90B7-F3AB1A123651</generatorID>
<ownerDesignName>F15C7LogicalModel</ownerDesignName>
<allowColumnReorder>false</allowColumnReorder>
<existDependencyGenerateInDDl>true</existDependencyGenerateInDDl>
<parsed>true</parsed>
<columns itemClass="oracle.dbtools.crest.model.design.relational.Column">
<Column name="status_code" id="81D7D134-1202-B09C-A4DA-0646275CE880">
<createdBy>songye</createdBy>
<createdTime>2015-11-09 06:31:44 UTC</createdTime>
<generatorID>5604E6E7-835B-3178-E404-755CEF5A7DC4</generatorID>
<ownerDesignName>F15C7LogicalModel</ownerDesignName>
<useDomainConstraints>false</useDomainConstraints>
<use>1</use>
<logicalDatatype>LOGDT011</logicalDatatype>
<ownDataTypeParameters>,,</ownDataTypeParameters>
<autoIncrementCycle>false</autoIncrementCycle>
</Column>
<Column name="rfe_status" id="352F829F-6E5D-3616-0515-2FE46F8F86DE">
<createdBy>songye</createdBy>
<createdTime>2015-11-09 06:31:44 UTC</createdTime>
<generatorID>1DCB2D49-E825-D902-E253-58CF50F9FE29</generatorID>
<ownerDesignName>F15C7LogicalModel</ownerDesignName>
<useDomainConstraints>false</useDomainConstraints>
<use>1</use>
<logicalDatatype>LOGDT024</logicalDatatype>
<dataTypeSize>30</dataTypeSize>
<ownDataTypeParameters>30,,</ownDataTypeParameters>
<autoIncrementCycle>false</autoIncrementCycle>
</Column>
<Column name="description" id="C2EABF4D-0CEA-D7CB-208A-6B0A952DB02E">
<createdBy>songye</createdBy>
<createdTime>2015-11-09 06:31:44 UTC</createdTime>
<generatorID>67A3DC6F-DB92-9C4A-5E1E-45FC5D8E5E4D</generatorID>
<ownerDesignName>F15C7LogicalModel</ownerDesignName>
<useDomainConstraints>false</useDomainConstraints>
<use>1</use>
<logicalDatatype>LOGDT024</logicalDatatype>
<dataTypeSize>500</dataTypeSize>
<ownDataTypeParameters>500,,</ownDataTypeParameters>
<autoIncrementCycle>false</autoIncrementCycle>
</Column>
</columns>
<indexes itemClass="oracle.dbtools.crest.model.design.relational.Index">
<ind_PK_UK id="7831A4AE-E100-4C71-0D22-521EC1F2FF53" name="F15C7StatCode_PK">
<createdBy>songye</createdBy>
<createdTime>2015-11-09 06:31:44 UTC</createdTime>
<generatorID>4AF64E3F-9DF4-35BA-A479-9C3051F5E37F</generatorID>
<ownerDesignName>F15C7LogicalModel</ownerDesignName>
<pk>true</pk>
<indexState>Primary Constraint</indexState>
<isSurrogateKey>false</isSurrogateKey>
<indexColumnUsage>
<colUsage columnID="81D7D134-1202-B09C-A4DA-0646275CE880"/>
</indexColumnUsage>
</ind_PK_UK>
</indexes>
</Table>