<?xml version = '1.0' encoding = 'UTF-8'?>
<Diagram class="oracle.dbtools.crest.swingui.relational.DPVRelational" name="Relational_1" id="F88F070A-97C2-059B-D0AC-3B86C703FBCC">
<createdBy>songye</createdBy>
<modifiedBy>songye</modifiedBy>
<createdTime>2015-11-09 06:31:44 UTC</createdTime>
<autoRoute>false</autoRoute>
<boxInbox>true</boxInbox>
<showLegend>false</showLegend>
<showLabels>false</showLabels>
<showRelAttributes>false</showRelAttributes>
<gridEnabled>false</gridEnabled>
<showGrid>false</showGrid>
<diagramColor>-1</diagramColor>
<display>false</display>
<notation>1</notation>
<objectViews>
<OView class="oracle.dbtools.crest.swingui.relational.TVTable" oid="157C0BB8-56DA-5DB0-FCDD-B05CDD34C26D" otype="Table" vid="BC6D45AE-7091-141F-FAAE-2D8B16C4BF8B">
<hideElementsInCurrentOnly>false</hideElementsInCurrentOnly>
<bounds x="963" y="531" width="170" height="110"/>
</OView>
<OView class="oracle.dbtools.crest.swingui.relational.TVTable" oid="1D9E179C-B61E-3D03-0154-D0A85FF12B58" otype="Table" vid="3310551A-7D92-9A19-DFDF-01B7C4C0C2FE">
<hideElementsInCurrentOnly>false</hideElementsInCurrentOnly>
<bounds x="1266" y="141" width="170" height="110"/>
</OView>
<OView class="oracle.dbtools.crest.swingui.relational.TVTable" oid="21D85824-DBBB-8B64-900F-C9BE03B4B482" otype="Table" vid="36BC9357-3E57-5A74-793C-91772B7736A2">
<hideElementsInCurrentOnly>false</hideElementsInCurrentOnly>
<bounds x="849" y="949" width="165" height="80"/>
</OView>
<OView class="oracle.dbtools.crest.swingui.relational.TVTable" oid="3214724D-87B7-FF92-C1EE-2D767247F7A4" otype="Table" vid="96C4A131-1E1C-6D43-F849-614C8EA6795D">
<hideElementsInCurrentOnly>false</hideElementsInCurrentOnly>
<bounds x="689" y="527" width="170" height="110"/>
</OView>
<OView class="oracle.dbtools.crest.swingui.relational.TVTable" oid="3D58DED2-2927-7BF5-FB6A-EBAD53C51C1C" otype="Table" vid="D69F2BCB-D199-2271-A2F8-A2E6BE12A29E">
<hideElementsInCurrentOnly>false</hideElementsInCurrentOnly>
<bounds x="812" y="683" width="220" height="204"/>
</OView>
<OView class="oracle.dbtools.crest.swingui.relational.TVTable" oid="459ED7C6-B78B-A14D-D312-F4961E262E6D" otype="Table" vid="492FD8AF-A9F7-6469-A37E-79D522D3FAAC">
<hideElementsInCurrentOnly>false</hideElementsInCurrentOnly>
<bounds x="533" y="22" width="170" height="110"/>
</OView>
<OView class="oracle.dbtools.crest.swingui.relational.TVTable" oid="4ECB0399-9AA6-11B4-B1BF-2799505FFA5C" otype="Table" vid="C46F4CC4-F1BB-3CC7-2A4F-E38637D5C3EA">
<hideElementsInCurrentOnly>false</hideElementsInCurrentOnly>
<bounds x="331" y="156" width="208" height="160"/>
</OView>
<OView class="oracle.dbtools.crest.swingui.relational.TVTable" oid="581C812C-44E6-B814-F9A3-6A8EB3530488" otype="Table" vid="F289E9CC-73AA-824A-4B74-E08C50F99792">
<hideElementsInCurrentOnly>false</hideElementsInCurrentOnly>
<bounds x="1497" y="303" width="170" height="110"/>
</OView>
<OView class="oracle.dbtools.crest.swingui.relational.TVTable" oid="629F4D7A-FE27-6826-ED00-2967704B3FF4" otype="Table" vid="D08D3263-B263-28F5-44D8-29A0F7766293">
<hideElementsInCurrentOnly>false</hideElementsInCurrentOnly>
<bounds x="510" y="759" width="170" height="110"/>
</OView>
<OView class="oracle.dbtools.crest.swingui.relational.TVTable" oid="877E738F-6D52-43B2-F76C-646BCBFCAE3E" otype="Table" vid="AA364AD8-28ED-83A2-9234-A85FEDE17A63">
<hideElementsInCurrentOnly>false</hideElementsInCurrentOnly>
<bounds x="833" y="368" width="170" height="110"/>
</OView>
<OView class="oracle.dbtools.crest.swingui.relational.TVTable" oid="98D30F74-0A3C-7A70-E79B-DF0397A474EA" otype="Table" vid="7C263BF2-221A-C832-448A-DCDBCA042841">
<hideElementsInCurrentOnly>false</hideElementsInCurrentOnly>
<bounds x="1273" y="301" width="170" height="110"/>
</OView>
<OView class="oracle.dbtools.crest.swingui.relational.TVTable" oid="CA95C246-167C-2AE3-AACE-BACE59534CD1" otype="Table" vid="18ED1E76-ABFA-AB2E-4838-2B14B05C6DB8">
<hideElementsInCurrentOnly>false</hideElementsInCurrentOnly>
<bounds x="822" y="16" width="170" height="110"/>
</OView>
<OView class="oracle.dbtools.crest.swingui.relational.TVTable" oid="F4C76584-1E37-5C31-423A-F7BDD738285E" otype="Table" vid="6B6AF70C-317C-86AD-19D7-6FEBEFA019CC">
<hideElementsInCurrentOnly>false</hideElementsInCurrentOnly>
<bounds x="793" y="177" width="246" height="133"/>
</OView>
<OView class="oracle.dbtools.crest.swingui.relational.TVTable" oid="FB458F8F-880E-7E28-EA1D-402190AA5CAD" otype="Table" vid="53EC95E7-D51F-6733-5F44-6D5D4E01EFCC">
<hideElementsInCurrentOnly>false</hideElementsInCurrentOnly>
<bounds x="431" y="377" width="258" height="110"/>
</OView>
</objectViews>
<connectors>
<Connector class="oracle.dbtools.crest.swingui.relational.TVFKRelation" oid="0AF6702B-4CA0-B357-F9D4-9475ED9C235C" otype="FKIndexAssociation" vid_source="36BC9357-3E57-5A74-793C-91772B7736A2" vid_target="D69F2BCB-D199-2271-A2F8-A2E6BE12A29E">
<hideElementsInCurrentOnly>false</hideElementsInCurrentOnly>
<lineWidth>1</lineWidth>
<points>
<point x="921" y="949"/>
<point x="921" y="887"/>
</points>
</Connector>
<Connector class="oracle.dbtools.crest.swingui.relational.TVFKRelation" oid="1088EBB2-6A65-F100-47B6-1ABD9912A918" otype="FKIndexAssociation" vid_source="D69F2BCB-D199-2271-A2F8-A2E6BE12A29E" vid_target="36BC9357-3E57-5A74-793C-91772B7736A2">
<hideElementsInCurrentOnly>false</hideElementsInCurrentOnly>
<lineWidth>1</lineWidth>
<points>
<point x="931" y="887"/>
<point x="931" y="949"/>
</points>
</Connector>
<Connector class="oracle.dbtools.crest.swingui.relational.TVFKRelation" oid="12FF82C5-7BE9-D0E0-1912-4E175A15D9AB" otype="FKIndexAssociation" vid_source="D69F2BCB-D199-2271-A2F8-A2E6BE12A29E" vid_target="96C4A131-1E1C-6D43-F849-614C8EA6795D">
<hideElementsInCurrentOnly>false</hideElementsInCurrentOnly>
<lineWidth>1</lineWidth>
<points>
<point x="835" y="683"/>
<point x="835" y="637"/>
</points>
</Connector>
<Connector class="oracle.dbtools.crest.swingui.relational.TVFKRelation" oid="16C5306A-D10F-39E9-80E5-5E20138F4504" otype="FKIndexAssociation" vid_source="6B6AF70C-317C-86AD-19D7-6FEBEFA019CC" vid_target="96C4A131-1E1C-6D43-F849-614C8EA6795D">
<hideElementsInCurrentOnly>false</hideElementsInCurrentOnly>
<lineWidth>1</lineWidth>
<points>
<point x="826" y="310"/>
<point x="826" y="527"/>
</points>
</Connector>
<Connector class="oracle.dbtools.crest.swingui.relational.TVFKRelation" oid="28BADB07-0629-9365-04FA-8815BB456B76" otype="FKIndexAssociation" vid_source="D69F2BCB-D199-2271-A2F8-A2E6BE12A29E" vid_target="BC6D45AE-7091-141F-FAAE-2D8B16C4BF8B">
<hideElementsInCurrentOnly>false</hideElementsInCurrentOnly>
<lineWidth>1</lineWidth>
<points>
<point x="997" y="683"/>
<point x="997" y="641"/>
</points>
</Connector>
<Connector class="oracle.dbtools.crest.swingui.relational.TVFKRelation" oid="308A9DA9-426D-01E1-2FC6-373851416D91" otype="FKIndexAssociation" vid_source="6B6AF70C-317C-86AD-19D7-6FEBEFA019CC" vid_target="3310551A-7D92-9A19-DFDF-01B7C4C0C2FE">
<hideElementsInCurrentOnly>false</hideElementsInCurrentOnly>
<lineWidth>1</lineWidth>
<points>
<point x="1039" y="214"/>
<point x="1266" y="214"/>
</points>
</Connector>
<Connector class="oracle.dbtools.crest.swingui.relational.TVFKRelation" oid="317DE9CB-9829-C47D-6E58-EF31F51AB7CE" otype="FKIndexAssociation" vid_source="6B6AF70C-317C-86AD-19D7-6FEBEFA019CC" vid_target="53EC95E7-D51F-6733-5F44-6D5D4E01EFCC">
<hideElementsInCurrentOnly>false</hideElementsInCurrentOnly>
<lineWidth>1</lineWidth>
<points>
<point x="793" y="243"/>
<point x="560" y="377"/>
</points>
</Connector>
<Connector class="oracle.dbtools.crest.swingui.relational.TVFKRelation" oid="39EEFEAB-E1F8-5360-54B6-7829E2F35399" otype="FKIndexAssociation" vid_source="36BC9357-3E57-5A74-793C-91772B7736A2" vid_target="D69F2BCB-D199-2271-A2F8-A2E6BE12A29E">
<hideElementsInCurrentOnly>false</hideElementsInCurrentOnly>
<lineWidth>1</lineWidth>
<points>
<point x="941" y="949"/>
<point x="941" y="887"/>
</points>
</Connector>
<Connector class="oracle.dbtools.crest.swingui.relational.TVFKRelation" oid="51D3F3D0-FC1B-3B23-14F3-2668AD2A0575" otype="FKIndexAssociation" vid_source="3310551A-7D92-9A19-DFDF-01B7C4C0C2FE" vid_target="7C263BF2-221A-C832-448A-DCDBCA042841">
<hideElementsInCurrentOnly>false</hideElementsInCurrentOnly>
<lineWidth>1</lineWidth>
<points>
<point x="1354" y="251"/>
<point x="1354" y="301"/>
</points>
</Connector>
<Connector class="oracle.dbtools.crest.swingui.relational.TVFKRelation" oid="70EC44F4-50C9-B825-8B61-602F77764892" otype="FKIndexAssociation" vid_source="6B6AF70C-317C-86AD-19D7-6FEBEFA019CC" vid_target="492FD8AF-A9F7-6469-A37E-79D522D3FAAC">
<hideElementsInCurrentOnly>false</hideElementsInCurrentOnly>
<lineWidth>1</lineWidth>
<points>
<point x="793" y="243"/>
<point x="703" y="105"/>
</points>
</Connector>
<Connector class="oracle.dbtools.crest.swingui.relational.TVFKRelation" oid="736F5D37-AC2A-9622-6885-2BA64C2B79E6" otype="FKIndexAssociation" vid_source="6B6AF70C-317C-86AD-19D7-6FEBEFA019CC" vid_target="C46F4CC4-F1BB-3CC7-2A4F-E38637D5C3EA">
<hideElementsInCurrentOnly>false</hideElementsInCurrentOnly>
<lineWidth>1</lineWidth>
<points>
<point x="793" y="253"/>
<point x="539" y="253"/>
</points>
</Connector>
<Connector class="oracle.dbtools.crest.swingui.relational.TVFKRelation" oid="7BE777C6-8C8D-0A54-6C0D-D65DACE0DCBE" otype="FKIndexAssociation" vid_source="18ED1E76-ABFA-AB2E-4838-2B14B05C6DB8" vid_target="492FD8AF-A9F7-6469-A37E-79D522D3FAAC">
<hideElementsInCurrentOnly>false</hideElementsInCurrentOnly>
<lineWidth>1</lineWidth>
<points>
<point x="822" y="82"/>
<point x="703" y="82"/>
</points>
</Connector>
<Connector class="oracle.dbtools.crest.swingui.relational.TVFKRelation" oid="806108D5-F872-7279-5B00-4A59FB5D3C40" otype="FKIndexAssociation" vid_source="D69F2BCB-D199-2271-A2F8-A2E6BE12A29E" vid_target="53EC95E7-D51F-6733-5F44-6D5D4E01EFCC">
<hideElementsInCurrentOnly>false</hideElementsInCurrentOnly>
<lineWidth>1</lineWidth>
<points>
<point x="922" y="683"/>
<point x="560" y="487"/>
</points>
</Connector>
<Connector class="oracle.dbtools.crest.swingui.relational.TVFKRelation" oid="83164BB9-D6E4-5BF7-CAF1-CC6FF37C244E" otype="FKIndexAssociation" vid_source="AA364AD8-28ED-83A2-9234-A85FEDE17A63" vid_target="BC6D45AE-7091-141F-FAAE-2D8B16C4BF8B">
<hideElementsInCurrentOnly>false</hideElementsInCurrentOnly>
<lineWidth>1</lineWidth>
<points>
<point x="983" y="478"/>
<point x="983" y="531"/>
</points>
</Connector>
<Connector class="oracle.dbtools.crest.swingui.relational.TVFKRelation" oid="905D06B6-C8E1-BC69-1A9E-D5698D460D0C" otype="FKIndexAssociation" vid_source="AA364AD8-28ED-83A2-9234-A85FEDE17A63" vid_target="96C4A131-1E1C-6D43-F849-614C8EA6795D">
<hideElementsInCurrentOnly>false</hideElementsInCurrentOnly>
<lineWidth>1</lineWidth>
<points>
<point x="846" y="478"/>
<point x="846" y="527"/>
</points>
</Connector>
<Connector class="oracle.dbtools.crest.swingui.relational.TVFKRelation" oid="9C1775F2-E86F-0B3B-5E83-4FF42996B290" otype="FKIndexAssociation" vid_source="D69F2BCB-D199-2271-A2F8-A2E6BE12A29E" vid_target="36BC9357-3E57-5A74-793C-91772B7736A2">
<hideElementsInCurrentOnly>false</hideElementsInCurrentOnly>
<lineWidth>1</lineWidth>
<points>
<point x="951" y="887"/>
<point x="951" y="949"/>
</points>
</Connector>
<Connector class="oracle.dbtools.crest.swingui.relational.TVFKRelation" oid="A237CF1A-8746-79F0-0971-80E0C1230353" otype="FKIndexAssociation" vid_source="6B6AF70C-317C-86AD-19D7-6FEBEFA019CC" vid_target="18ED1E76-ABFA-AB2E-4838-2B14B05C6DB8">
<hideElementsInCurrentOnly>false</hideElementsInCurrentOnly>
<lineWidth>1</lineWidth>
<points>
<point x="907" y="177"/>
<point x="907" y="126"/>
</points>
</Connector>
<Connector class="oracle.dbtools.crest.swingui.relational.TVFKRelation" oid="A66FE52B-2449-3023-8F4E-9BB9C99953A9" otype="FKIndexAssociation" vid_source="6B6AF70C-317C-86AD-19D7-6FEBEFA019CC" vid_target="7C263BF2-221A-C832-448A-DCDBCA042841">
<hideElementsInCurrentOnly>false</hideElementsInCurrentOnly>
<lineWidth>1</lineWidth>
<points>
<point x="1039" y="305"/>
<point x="1273" y="305"/>
</points>
</Connector>
<Connector class="oracle.dbtools.crest.swingui.relational.TVFKRelation" oid="D447E309-D262-AD11-066D-56D3F304E0CD" otype="FKIndexAssociation" vid_source="D69F2BCB-D199-2271-A2F8-A2E6BE12A29E" vid_target="7C263BF2-221A-C832-448A-DCDBCA042841">
<hideElementsInCurrentOnly>false</hideElementsInCurrentOnly>
<lineWidth>1</lineWidth>
<points>
<point x="1032" y="765"/>
<point x="1358" y="411"/>
</points>
</Connector>
<Connector class="oracle.dbtools.crest.swingui.relational.TVFKRelation" oid="D59FD1BE-A564-074E-BA1B-3A42B21DFB49" otype="FKIndexAssociation" vid_source="D08D3263-B263-28F5-44D8-29A0F7766293" vid_target="D69F2BCB-D199-2271-A2F8-A2E6BE12A29E">
<hideElementsInCurrentOnly>false</hideElementsInCurrentOnly>
<lineWidth>1</lineWidth>
<points>
<point x="680" y="814"/>
<point x="812" y="814"/>
</points>
</Connector>
<Connector class="oracle.dbtools.crest.swingui.relational.TVFKRelation" oid="E283B580-C6A6-F6BA-0A8A-E33C323313EA" otype="FKIndexAssociation" vid_source="F289E9CC-73AA-824A-4B74-E08C50F99792" vid_target="7C263BF2-221A-C832-448A-DCDBCA042841">
<hideElementsInCurrentOnly>false</hideElementsInCurrentOnly>
<lineWidth>1</lineWidth>
<points>
<point x="1497" y="357"/>
<point x="1443" y="357"/>
</points>
</Connector>
<Connector class="oracle.dbtools.crest.swingui.relational.TVFKRelation" oid="FC03307F-48A7-C5F2-5F4F-AD6406880DF9" otype="FKIndexAssociation" vid_source="6B6AF70C-317C-86AD-19D7-6FEBEFA019CC" vid_target="BC6D45AE-7091-141F-FAAE-2D8B16C4BF8B">
<hideElementsInCurrentOnly>false</hideElementsInCurrentOnly>
<lineWidth>1</lineWidth>
<points>
<point x="1016" y="310"/>
<point x="1015" y="531"/>
</points>
</Connector>
</connectors>
</Diagram>