<?xml version = '1.0' encoding = 'UTF-8'?>
<Entity class="oracle.dbtools.crest.model.design.logical.Entity" directorySegmentName="seg_0" id="4555A596-6B01-2A3A-6691-7E3748CF8D6E" name="F15C7Roles">
<createdBy>songye</createdBy>
<createdTime>2015-11-09 06:14:01 UTC</createdTime>
<ownerDesignName>F15C7LogicalModel</ownerDesignName>
<engineerTo>
<item key="1F6562BC-D090-2B39-0819-900C2DA79678" value="true"/>
</engineerTo>
<adequatelyNormalized>NO</adequatelyNormalized>
<expectedVolumes>0</expectedVolumes>
<fwdEngineeringStrategyName>Single Table</fwdEngineeringStrategyName>
<growthPercent>0</growthPercent>
<growthType>Year</growthType>
<maxVolumes>9999999</maxVolumes>
<minVolumes>0</minVolumes>
<normalForm>Third</normalForm>
<attributes itemClass="oracle.dbtools.crest.model.design.logical.Attribute">
<Attribute name="role_code" id="66654072-9367-2325-C3A2-8862DF84152E">
<createdBy>songye</createdBy>
<createdTime>2015-11-09 06:14:10 UTC</createdTime>
<ownerDesignName>F15C7LogicalModel</ownerDesignName>
<engineerTo>
<item key="1F6562BC-D090-2B39-0819-900C2DA79678" value="true"/>
</engineerTo>
<useDomainConstraints>false</useDomainConstraints>
<use>1</use>
<logicalDatatype>LOGDT011</logicalDatatype>
<ownDataTypeParameters>,,</ownDataTypeParameters>
</Attribute>
<Attribute name="role_type" id="DE98142A-0E91-57AC-DBF2-DA2AA95B4FCB">
<createdBy>songye</createdBy>
<createdTime>2015-11-09 06:14:19 UTC</createdTime>
<ownerDesignName>F15C7LogicalModel</ownerDesignName>
<engineerTo>
<item key="1F6562BC-D090-2B39-0819-900C2DA79678" value="true"/>
</engineerTo>
<useDomainConstraints>false</useDomainConstraints>
<use>1</use>
<logicalDatatype>LOGDT024</logicalDatatype>
<dataTypeSize>30</dataTypeSize>
<ownDataTypeParameters>30,,</ownDataTypeParameters>
</Attribute>
<Attribute name="description" id="4A737F60-0F50-176E-ACD3-13D98EFCB267">
<createdBy>songye</createdBy>
<createdTime>2015-11-09 06:14:31 UTC</createdTime>
<ownerDesignName>F15C7LogicalModel</ownerDesignName>
<engineerTo>
<item key="1F6562BC-D090-2B39-0819-900C2DA79678" value="true"/>
</engineerTo>
<useDomainConstraints>false</useDomainConstraints>
<use>1</use>
<logicalDatatype>LOGDT024</logicalDatatype>
<dataTypeSize>500</dataTypeSize>
<ownDataTypeParameters>500,,</ownDataTypeParameters>
</Attribute>
</attributes>
<identifiers itemClass="oracle.dbtools.crest.model.design.logical.CandidateKey">
<identifier id="E33A1B36-61DD-C8DC-285C-CB257935FC41" name="F15C7Roles PK">
<createdBy>songye</createdBy>
<createdTime>2015-11-09 06:14:18 UTC</createdTime>
<ownerDesignName>F15C7LogicalModel</ownerDesignName>
<shouldEngineer>false</shouldEngineer>
<engineerTo>
<item key="1F6562BC-D090-2B39-0819-900C2DA79678" value="false"/>
</engineerTo>
<pk>true</pk>
<usedAttributes>
<attributeRef>66654072-9367-2325-C3A2-8862DF84152E</attributeRef>
</usedAttributes>
</identifier>
</identifiers>
</Entity>