<?xml version = '1.0' encoding = 'UTF-8'?>
<Entity class="oracle.dbtools.crest.model.design.logical.Entity" directorySegmentName="seg_0" id="7E15DE99-1848-AEA6-29F7-AFD1C61381CD" name="F15C7Tasks">
<createdBy>songye</createdBy>
<createdTime>2015-11-09 06:11:43 UTC</createdTime>
<ownerDesignName>F15C7LogicalModel</ownerDesignName>
<engineerTo>
<item key="1F6562BC-D090-2B39-0819-900C2DA79678" value="true"/>
</engineerTo>
<adequatelyNormalized>NO</adequatelyNormalized>
<expectedVolumes>0</expectedVolumes>
<fwdEngineeringStrategyName>Single Table</fwdEngineeringStrategyName>
<growthPercent>0</growthPercent>
<growthType>Year</growthType>
<maxVolumes>9999999</maxVolumes>
<minVolumes>0</minVolumes>
<normalForm>Third</normalForm>
<attributes itemClass="oracle.dbtools.crest.model.design.logical.Attribute">
<Attribute name="effective_date" id="522182A3-2B50-AE58-BDA9-26D0FDAAA85F">
<createdBy>songye</createdBy>
<createdTime>2015-11-09 06:11:50 UTC</createdTime>
<ownerDesignName>F15C7LogicalModel</ownerDesignName>
<engineerTo>
<item key="1F6562BC-D090-2B39-0819-900C2DA79678" value="true"/>
</engineerTo>
<useDomainConstraints>false</useDomainConstraints>
<use>1</use>
<logicalDatatype>LOGDT007</logicalDatatype>
<ownDataTypeParameters>,,</ownDataTypeParameters>
</Attribute>
<Attribute name="task_abbreviation" id="AE44D529-4FBF-F11D-C028-710FBDFFDCBD">
<createdBy>songye</createdBy>
<createdTime>2015-11-09 06:12:04 UTC</createdTime>
<ownerDesignName>F15C7LogicalModel</ownerDesignName>
<engineerTo>
<item key="1F6562BC-D090-2B39-0819-900C2DA79678" value="true"/>
</engineerTo>
<useDomainConstraints>false</useDomainConstraints>
<use>1</use>
<logicalDatatype>LOGDT024</logicalDatatype>
<dataTypeSize>15</dataTypeSize>
<ownDataTypeParameters>15,,</ownDataTypeParameters>
</Attribute>
<Attribute name="task_description" id="6BF31F8C-2BE8-2854-8B74-B73FF8BFF022">
<createdBy>songye</createdBy>
<createdTime>2015-11-09 06:12:15 UTC</createdTime>
<ownerDesignName>F15C7LogicalModel</ownerDesignName>
<engineerTo>
<item key="1F6562BC-D090-2B39-0819-900C2DA79678" value="true"/>
</engineerTo>
<useDomainConstraints>false</useDomainConstraints>
<use>1</use>
<logicalDatatype>LOGDT024</logicalDatatype>
<dataTypeSize>4000</dataTypeSize>
<ownDataTypeParameters>4000,,</ownDataTypeParameters>
</Attribute>
<Attribute name="task_id" id="CE833B55-F328-7BDB-30DE-A16F768649DA">
<createdBy>songye</createdBy>
<createdTime>2015-11-24 13:52:21 UTC</createdTime>
<ownerDesignName>F15C7</ownerDesignName>
<engineerTo>
<item key="1F6562BC-D090-2B39-0819-900C2DA79678" value="true"/>
</engineerTo>
<useDomainConstraints>false</useDomainConstraints>
<use>1</use>
<logicalDatatype>LOGDT011</logicalDatatype>
<ownDataTypeParameters>,,</ownDataTypeParameters>
</Attribute>
</attributes>
<identifiers itemClass="oracle.dbtools.crest.model.design.logical.CandidateKey">
<identifier id="ACE67EEE-7887-3C63-A14E-1AE749860607" name="F15C7Tasks PK">
<createdBy>songye</createdBy>
<createdTime>2015-11-24 13:52:25 UTC</createdTime>
<ownerDesignName>F15C7</ownerDesignName>
<engineerTo>
<item key="1F6562BC-D090-2B39-0819-900C2DA79678" value="true"/>
</engineerTo>
<pk>true</pk>
<usedAttributes>
<attributeRef>CE833B55-F328-7BDB-30DE-A16F768649DA</attributeRef>
</usedAttributes>
</identifier>
</identifiers>
</Entity>