<?xml version = '1.0' encoding = 'UTF-8'?>
<Entity class="oracle.dbtools.crest.model.design.logical.Entity" directorySegmentName="seg_0" id="8B74AA7B-8CFD-87C5-90B7-F3AB1A123651" name="F15C7StatCode">
<createdBy>songye</createdBy>
<createdTime>2015-11-09 06:10:43 UTC</createdTime>
<ownerDesignName>F15C7LogicalModel</ownerDesignName>
<engineerTo>
<item key="1F6562BC-D090-2B39-0819-900C2DA79678" value="true"/>
</engineerTo>
<adequatelyNormalized>NO</adequatelyNormalized>
<expectedVolumes>0</expectedVolumes>
<fwdEngineeringStrategyName>Single Table</fwdEngineeringStrategyName>
<growthPercent>0</growthPercent>
<growthType>Year</growthType>
<maxVolumes>9999999</maxVolumes>
<minVolumes>0</minVolumes>
<normalForm>Third</normalForm>
<attributes itemClass="oracle.dbtools.crest.model.design.logical.Attribute">
<Attribute name="status_code" id="5604E6E7-835B-3178-E404-755CEF5A7DC4">
<createdBy>songye</createdBy>
<createdTime>2015-11-09 06:10:52 UTC</createdTime>
<ownerDesignName>F15C7LogicalModel</ownerDesignName>
<engineerTo>
<item key="1F6562BC-D090-2B39-0819-900C2DA79678" value="true"/>
</engineerTo>
<useDomainConstraints>false</useDomainConstraints>
<use>1</use>
<logicalDatatype>LOGDT011</logicalDatatype>
<ownDataTypeParameters>,,</ownDataTypeParameters>
</Attribute>
<Attribute name="rfe_status" id="1DCB2D49-E825-D902-E253-58CF50F9FE29">
<createdBy>songye</createdBy>
<createdTime>2015-11-09 06:11:07 UTC</createdTime>
<ownerDesignName>F15C7LogicalModel</ownerDesignName>
<engineerTo>
<item key="1F6562BC-D090-2B39-0819-900C2DA79678" value="true"/>
</engineerTo>
<useDomainConstraints>false</useDomainConstraints>
<use>1</use>
<logicalDatatype>LOGDT024</logicalDatatype>
<dataTypeSize>30</dataTypeSize>
<ownDataTypeParameters>30,,</ownDataTypeParameters>
</Attribute>
<Attribute name="description" id="67A3DC6F-DB92-9C4A-5E1E-45FC5D8E5E4D">
<createdBy>songye</createdBy>
<createdTime>2015-11-09 06:11:17 UTC</createdTime>
<ownerDesignName>F15C7LogicalModel</ownerDesignName>
<engineerTo>
<item key="1F6562BC-D090-2B39-0819-900C2DA79678" value="true"/>
</engineerTo>
<useDomainConstraints>false</useDomainConstraints>
<use>1</use>
<logicalDatatype>LOGDT024</logicalDatatype>
<dataTypeSize>500</dataTypeSize>
<ownDataTypeParameters>500,,</ownDataTypeParameters>
</Attribute>
</attributes>
<identifiers itemClass="oracle.dbtools.crest.model.design.logical.CandidateKey">
<identifier id="4AF64E3F-9DF4-35BA-A479-9C3051F5E37F" name="F15C7StatCode PK">
<createdBy>songye</createdBy>
<createdTime>2015-11-09 06:11:03 UTC</createdTime>
<ownerDesignName>F15C7LogicalModel</ownerDesignName>
<shouldEngineer>false</shouldEngineer>
<engineerTo>
<item key="1F6562BC-D090-2B39-0819-900C2DA79678" value="false"/>
</engineerTo>
<pk>true</pk>
<usedAttributes>
<attributeRef>5604E6E7-835B-3178-E404-755CEF5A7DC4</attributeRef>
</usedAttributes>
</identifier>
</identifiers>
</Entity>