<?xml version = '1.0' encoding = 'UTF-8'?>
<Entity class="oracle.dbtools.crest.model.design.logical.Entity" directorySegmentName="seg_0" id="9748DC92-6B3C-5726-6119-6223F835FAF2" name="F15C7Approvers">
<createdBy>songye</createdBy>
<createdTime>2015-11-09 06:16:20 UTC</createdTime>
<ownerDesignName>F15C7LogicalModel</ownerDesignName>
<engineerTo>
<item key="1F6562BC-D090-2B39-0819-900C2DA79678" value="true"/>
</engineerTo>
<adequatelyNormalized>NO</adequatelyNormalized>
<expectedVolumes>0</expectedVolumes>
<fwdEngineeringStrategyName>Single Table</fwdEngineeringStrategyName>
<growthPercent>0</growthPercent>
<growthType>Year</growthType>
<maxVolumes>9999999</maxVolumes>
<minVolumes>0</minVolumes>
<normalForm>Third</normalForm>
<attributes itemClass="oracle.dbtools.crest.model.design.logical.Attribute">
<Attribute name="effective_date" id="E8D63520-93A7-85A8-4DA9-EEA65C58AB69">
<createdBy>songye</createdBy>
<createdTime>2015-11-09 06:16:27 UTC</createdTime>
<ownerDesignName>F15C7LogicalModel</ownerDesignName>
<engineerTo>
<item key="1F6562BC-D090-2B39-0819-900C2DA79678" value="true"/>
</engineerTo>
<useDomainConstraints>false</useDomainConstraints>
<use>1</use>
<logicalDatatype>LOGDT007</logicalDatatype>
<ownDataTypeParameters>,,</ownDataTypeParameters>
</Attribute>
<Attribute name="comments" id="CBD9F067-A3ED-1056-C447-ADC560FFE72E">
<createdBy>songye</createdBy>
<createdTime>2015-11-09 06:16:42 UTC</createdTime>
<ownerDesignName>F15C7LogicalModel</ownerDesignName>
<engineerTo>
<item key="1F6562BC-D090-2B39-0819-900C2DA79678" value="true"/>
</engineerTo>
<nullsAllowed>true</nullsAllowed>
<useDomainConstraints>false</useDomainConstraints>
<use>1</use>
<logicalDatatype>LOGDT024</logicalDatatype>
<dataTypeSize>4000</dataTypeSize>
<ownDataTypeParameters>4000,,</ownDataTypeParameters>
</Attribute>
<Attribute name="employee_id" id="296DE6ED-97E6-809A-9261-A0E2E5048874">
<createdBy>songye</createdBy>
<createdTime>2015-11-09 06:27:30 UTC</createdTime>
<generatorID>A8D2C1DE-F161-4AF4-9BC2-0378E60907B0</generatorID>
<ownerDesignName>F15C7LogicalModel</ownerDesignName>
<engineerTo>
<item key="1F6562BC-D090-2B39-0819-900C2DA79678" value="true"/>
</engineerTo>
<referedAttribute>83D64CC6-FDAC-4E14-48B1-C4B6841827CA</referedAttribute>
<useDomainConstraints>false</useDomainConstraints>
<use>1</use>
<logicalDatatype>LOGDT011</logicalDatatype>
<ownDataTypeParameters>,,</ownDataTypeParameters>
</Attribute>
<Attribute name="role_code" id="A4048F0C-ECC1-9593-30A4-F4775883E49A">
<createdBy>songye</createdBy>
<createdTime>2015-11-09 06:27:58 UTC</createdTime>
<generatorID>5C759E18-32AC-8AD9-54DD-CF34236C1444</generatorID>
<ownerDesignName>F15C7LogicalModel</ownerDesignName>
<engineerTo>
<item key="1F6562BC-D090-2B39-0819-900C2DA79678" value="true"/>
</engineerTo>
<referedAttribute>66654072-9367-2325-C3A2-8862DF84152E</referedAttribute>
<useDomainConstraints>false</useDomainConstraints>
<use>1</use>
<logicalDatatype>LOGDT011</logicalDatatype>
<ownDataTypeParameters>,,</ownDataTypeParameters>
</Attribute>
<Attribute name="rfe_id" id="DD7E7BA0-327E-15D4-A2D8-4162B7FCF9B5">
<createdBy>songye</createdBy>
<createdTime>2015-11-09 06:28:10 UTC</createdTime>
<generatorID>0C9C6587-4183-772F-A715-404B72C8D7FA</generatorID>
<ownerDesignName>F15C7LogicalModel</ownerDesignName>
<engineerTo>
<item key="1F6562BC-D090-2B39-0819-900C2DA79678" value="true"/>
</engineerTo>
<referedAttribute>2D3FE951-66E6-A95A-86D1-2E847D8AB16F</referedAttribute>
<useDomainConstraints>false</useDomainConstraints>
<use>1</use>
<logicalDatatype>LOGDT011</logicalDatatype>
<ownDataTypeParameters>,,</ownDataTypeParameters>
</Attribute>
</attributes>
</Entity>