<?xml version = '1.0' encoding = 'UTF-8'?>
<Diagram class="oracle.dbtools.crest.swingui.logical.DPVLogical" name="Logical" id="BE92B9E6-DED4-51BA-F629-A507A15C1BDD">
<createdBy>songye</createdBy>
<modifiedBy>songye</modifiedBy>
<createdTime>2015-11-09 06:00:15 UTC</createdTime>
<autoRoute>false</autoRoute>
<boxInbox>false</boxInbox>
<showLegend>false</showLegend>
<showLabels>false</showLabels>
<showRelAttributes>false</showRelAttributes>
<gridEnabled>false</gridEnabled>
<showGrid>false</showGrid>
<diagramColor>-1</diagramColor>
<display>false</display>
<notation>2</notation>
<objectViews>
<OView class="oracle.dbtools.crest.swingui.logical.TVEntity" oid="1C279712-7EC1-F043-8C96-BA38F6781767" otype="Entity" vid="DC248138-D47B-8AA7-3F7E-F66CABDFAD63">
<hideElementsInCurrentOnly>false</hideElementsInCurrentOnly>
<bounds x="849" y="949" width="165" height="80"/>
</OView>
<OView class="oracle.dbtools.crest.swingui.logical.TVEntity" oid="2039FC25-14CE-A06E-E063-AFFF4F18357C" otype="Entity" vid="2DE33A3D-2B37-1151-FF24-51C4F34E7E56">
<hideElementsInCurrentOnly>false</hideElementsInCurrentOnly>
<bounds x="793" y="177" width="246" height="133"/>
</OView>
<OView class="oracle.dbtools.crest.swingui.logical.TVEntity" oid="26352A15-6453-AA69-9AF0-9A753D2D781F" otype="Entity" vid="81B4FD54-F0C1-65F3-2EE7-D0AD22A9D71E">
<hideElementsInCurrentOnly>false</hideElementsInCurrentOnly>
<bounds x="533" y="22" width="170" height="110"/>
</OView>
<OView class="oracle.dbtools.crest.swingui.logical.TVEntity" oid="2A2AA8C6-9402-37CE-C568-05F7406DF7CA" otype="Entity" vid="F349A22B-824A-D7B7-DAD1-7C604718D2B5">
<hideElementsInCurrentOnly>false</hideElementsInCurrentOnly>
<bounds x="510" y="759" width="170" height="110"/>
</OView>
<OView class="oracle.dbtools.crest.swingui.logical.TVEntity" oid="4555A596-6B01-2A3A-6691-7E3748CF8D6E" otype="Entity" vid="12B040E8-9783-DD0A-3061-CD85AC33FBEC">
<hideElementsInCurrentOnly>false</hideElementsInCurrentOnly>
<bounds x="833" y="368" width="170" height="110"/>
</OView>
<OView class="oracle.dbtools.crest.swingui.logical.TVEntity" oid="64D38E5E-1BCC-8005-F70C-798ED82520AC" otype="Entity" vid="75B5C402-AA5E-0467-58FE-16EE6D60D1D6">
<hideElementsInCurrentOnly>false</hideElementsInCurrentOnly>
<bounds x="1273" y="301" width="170" height="110"/>
</OView>
<OView class="oracle.dbtools.crest.swingui.logical.TVEntity" oid="6EF39B09-6DEC-B3E9-68F2-3BDB815E1926" otype="Entity" vid="FDC10EFA-2669-1790-C835-084E0B68EC7E">
<hideElementsInCurrentOnly>false</hideElementsInCurrentOnly>
<bounds x="689" y="527" width="170" height="110"/>
</OView>
<OView class="oracle.dbtools.crest.swingui.logical.TVEntity" oid="7AC3AAE9-7B6C-5A10-DBFE-22A8A5C51C00" otype="Entity" vid="D6536813-4AC2-BA3F-21B7-9E68C8D44BD1">
<hideElementsInCurrentOnly>false</hideElementsInCurrentOnly>
<bounds x="331" y="156" width="208" height="160"/>
</OView>
<OView class="oracle.dbtools.crest.swingui.logical.TVEntity" oid="7E15DE99-1848-AEA6-29F7-AFD1C61381CD" otype="Entity" vid="2C25D23A-FC75-D145-5E8C-4BA9FE0F5FE7">
<hideElementsInCurrentOnly>false</hideElementsInCurrentOnly>
<bounds x="822" y="16" width="170" height="110"/>
</OView>
<OView class="oracle.dbtools.crest.swingui.logical.TVEntity" oid="8B74AA7B-8CFD-87C5-90B7-F3AB1A123651" otype="Entity" vid="88943D24-E933-6F85-B3CC-AB63E814527C">
<hideElementsInCurrentOnly>false</hideElementsInCurrentOnly>
<bounds x="1497" y="303" width="170" height="110"/>
</OView>
<OView class="oracle.dbtools.crest.swingui.logical.TVEntity" oid="9748DC92-6B3C-5726-6119-6223F835FAF2" otype="Entity" vid="DB24D52D-27FB-2E7A-BE54-C70A2115924F">
<hideElementsInCurrentOnly>false</hideElementsInCurrentOnly>
<bounds x="963" y="531" width="170" height="110"/>
</OView>
<OView class="oracle.dbtools.crest.swingui.logical.TVEntity" oid="B56E8DBD-8431-4751-5653-1231AC054EDE" otype="Entity" vid="C9FA6735-F190-107C-ABDD-1D51D6512DE0">
<hideElementsInCurrentOnly>false</hideElementsInCurrentOnly>
<bounds x="812" y="683" width="220" height="204"/>
</OView>
<OView class="oracle.dbtools.crest.swingui.logical.TVEntity" oid="DC49498F-96AD-E417-FF5A-2B274AAD8084" otype="Entity" vid="A0FD273F-5034-DE37-DD1A-9D6E0497D28A">
<hideElementsInCurrentOnly>false</hideElementsInCurrentOnly>
<bounds x="1266" y="141" width="170" height="110"/>
</OView>
<OView class="oracle.dbtools.crest.swingui.logical.TVEntity" oid="EA4C4EEE-3D9B-D5FD-E3BC-4623D2202BC9" otype="Entity" vid="4014B5D4-F891-9CA1-0564-8BE07CCB78F1">
<hideElementsInCurrentOnly>false</hideElementsInCurrentOnly>
<bounds x="431" y="377" width="258" height="110"/>
</OView>
</objectViews>
<connectors>
<Connector class="oracle.dbtools.crest.swingui.logical.TVRelation" oid="0AA1A8BF-D9EC-655D-2F74-E3E4B02C70B9" otype="Relation" vid_source="2DE33A3D-2B37-1151-FF24-51C4F34E7E56" vid_target="D6536813-4AC2-BA3F-21B7-9E68C8D44BD1">
<hideElementsInCurrentOnly>false</hideElementsInCurrentOnly>
<lineWidth>1</lineWidth>
<points>
<point x="793" y="253"/>
<point x="539" y="253"/>
</points>
</Connector>
<Connector class="oracle.dbtools.crest.swingui.logical.TVRelation" oid="0C9C6587-4183-772F-A715-404B72C8D7FA" otype="Relation" vid_source="2DE33A3D-2B37-1151-FF24-51C4F34E7E56" vid_target="DB24D52D-27FB-2E7A-BE54-C70A2115924F">
<hideElementsInCurrentOnly>false</hideElementsInCurrentOnly>
<lineWidth>1</lineWidth>
<points>
<point x="1016" y="310"/>
<point x="1015" y="531"/>
</points>
</Connector>
<Connector class="oracle.dbtools.crest.swingui.logical.TVRelation" oid="3546CF80-F39D-E8E7-DE1A-82B6B5A8F390" otype="Relation" vid_source="C9FA6735-F190-107C-ABDD-1D51D6512DE0" vid_target="FDC10EFA-2669-1790-C835-084E0B68EC7E">
<hideElementsInCurrentOnly>false</hideElementsInCurrentOnly>
<lineWidth>1</lineWidth>
<points>
<point x="835" y="683"/>
<point x="835" y="637"/>
</points>
</Connector>
<Connector class="oracle.dbtools.crest.swingui.logical.TVRelation" oid="3B22957A-6AC3-7B25-00DD-85BF5B4A3705" otype="Relation" vid_source="2DE33A3D-2B37-1151-FF24-51C4F34E7E56" vid_target="81B4FD54-F0C1-65F3-2EE7-D0AD22A9D71E">
<hideElementsInCurrentOnly>false</hideElementsInCurrentOnly>
<lineWidth>1</lineWidth>
<points>
<point x="793" y="243"/>
<point x="703" y="105"/>
</points>
</Connector>
<Connector class="oracle.dbtools.crest.swingui.logical.TVRelation" oid="46833FA8-B613-27CD-C86B-943843685F1B" otype="Relation" vid_source="C9FA6735-F190-107C-ABDD-1D51D6512DE0" vid_target="75B5C402-AA5E-0467-58FE-16EE6D60D1D6">
<hideElementsInCurrentOnly>false</hideElementsInCurrentOnly>
<lineWidth>1</lineWidth>
<points>
<point x="1032" y="765"/>
<point x="1358" y="411"/>
</points>
</Connector>
<Connector class="oracle.dbtools.crest.swingui.logical.TVRelation" oid="5C759E18-32AC-8AD9-54DD-CF34236C1444" otype="Relation" vid_source="12B040E8-9783-DD0A-3061-CD85AC33FBEC" vid_target="DB24D52D-27FB-2E7A-BE54-C70A2115924F">
<hideElementsInCurrentOnly>false</hideElementsInCurrentOnly>
<lineWidth>1</lineWidth>
<points>
<point x="983" y="478"/>
<point x="983" y="531"/>
</points>
</Connector>
<Connector class="oracle.dbtools.crest.swingui.logical.TVRelation" oid="6B7FBB9E-3E8D-3EBD-A3D3-B1EFC98CC1A8" otype="Relation" vid_source="F349A22B-824A-D7B7-DAD1-7C604718D2B5" vid_target="C9FA6735-F190-107C-ABDD-1D51D6512DE0">
<hideElementsInCurrentOnly>false</hideElementsInCurrentOnly>
<lineWidth>1</lineWidth>
<points>
<point x="680" y="814"/>
<point x="812" y="814"/>
</points>
</Connector>
<Connector class="oracle.dbtools.crest.swingui.logical.TVRelation" oid="9D322996-E4D1-C950-A0AD-B530CCF1ECB8" otype="Relation" vid_source="12B040E8-9783-DD0A-3061-CD85AC33FBEC" vid_target="FDC10EFA-2669-1790-C835-084E0B68EC7E">
<hideElementsInCurrentOnly>false</hideElementsInCurrentOnly>
<lineWidth>1</lineWidth>
<points>
<point x="846" y="478"/>
<point x="846" y="527"/>
</points>
</Connector>
<Connector class="oracle.dbtools.crest.swingui.logical.TVRelation" oid="A8495B50-19D7-17B2-EFD0-6FC6A63A4D10" otype="Relation" vid_source="2DE33A3D-2B37-1151-FF24-51C4F34E7E56" vid_target="FDC10EFA-2669-1790-C835-084E0B68EC7E">
<hideElementsInCurrentOnly>false</hideElementsInCurrentOnly>
<lineWidth>1</lineWidth>
<points>
<point x="826" y="310"/>
<point x="826" y="527"/>
</points>
</Connector>
<Connector class="oracle.dbtools.crest.swingui.logical.TVRelation" oid="A8D2C1DE-F161-4AF4-9BC2-0378E60907B0" otype="Relation" vid_source="C9FA6735-F190-107C-ABDD-1D51D6512DE0" vid_target="DB24D52D-27FB-2E7A-BE54-C70A2115924F">
<hideElementsInCurrentOnly>false</hideElementsInCurrentOnly>
<lineWidth>1</lineWidth>
<points>
<point x="997" y="683"/>
<point x="997" y="641"/>
</points>
</Connector>
<Connector class="oracle.dbtools.crest.swingui.logical.TVRelation" oid="B6025D21-3906-99A4-3DD1-41D37CD8C4FD" otype="Relation" vid_source="2C25D23A-FC75-D145-5E8C-4BA9FE0F5FE7" vid_target="81B4FD54-F0C1-65F3-2EE7-D0AD22A9D71E">
<hideElementsInCurrentOnly>false</hideElementsInCurrentOnly>
<lineWidth>1</lineWidth>
<points>
<point x="822" y="82"/>
<point x="703" y="82"/>
</points>
</Connector>
<Connector class="oracle.dbtools.crest.swingui.logical.TVRelation" oid="B8ED93E3-4FBF-91E9-B09D-0C4490D0B138" otype="Relation" vid_source="2DE33A3D-2B37-1151-FF24-51C4F34E7E56" vid_target="4014B5D4-F891-9CA1-0564-8BE07CCB78F1">
<hideElementsInCurrentOnly>false</hideElementsInCurrentOnly>
<lineWidth>1</lineWidth>
<points>
<point x="793" y="243"/>
<point x="560" y="377"/>
</points>
</Connector>
<Connector class="oracle.dbtools.crest.swingui.logical.TVRelation" oid="BAB582C9-9F8A-C7E8-E11C-C2522E6A4351" otype="Relation" vid_source="C9FA6735-F190-107C-ABDD-1D51D6512DE0" vid_target="DC248138-D47B-8AA7-3F7E-F66CABDFAD63">
<hideElementsInCurrentOnly>false</hideElementsInCurrentOnly>
<lineWidth>1</lineWidth>
<points>
<point x="931" y="887"/>
<point x="931" y="949"/>
</points>
</Connector>
<Connector class="oracle.dbtools.crest.swingui.logical.TVRelation" oid="C08F3D81-0078-F20A-5579-984E5734470D" otype="Relation" vid_source="2DE33A3D-2B37-1151-FF24-51C4F34E7E56" vid_target="75B5C402-AA5E-0467-58FE-16EE6D60D1D6">
<hideElementsInCurrentOnly>false</hideElementsInCurrentOnly>
<lineWidth>1</lineWidth>
<points>
<point x="1039" y="305"/>
<point x="1273" y="305"/>
</points>
</Connector>
<Connector class="oracle.dbtools.crest.swingui.logical.TVRelation" oid="C80EB895-5F64-EC19-8679-BA397DD3B594" otype="Relation" vid_source="C9FA6735-F190-107C-ABDD-1D51D6512DE0" vid_target="4014B5D4-F891-9CA1-0564-8BE07CCB78F1">
<hideElementsInCurrentOnly>false</hideElementsInCurrentOnly>
<lineWidth>1</lineWidth>
<points>
<point x="922" y="683"/>
<point x="560" y="487"/>
</points>
</Connector>
<Connector class="oracle.dbtools.crest.swingui.logical.TVRelation" oid="C8868409-492F-B102-9AB2-325F87C67F90" otype="Relation" vid_source="A0FD273F-5034-DE37-DD1A-9D6E0497D28A" vid_target="75B5C402-AA5E-0467-58FE-16EE6D60D1D6">
<hideElementsInCurrentOnly>false</hideElementsInCurrentOnly>
<lineWidth>1</lineWidth>
<points>
<point x="1354" y="251"/>
<point x="1354" y="301"/>
</points>
</Connector>
<Connector class="oracle.dbtools.crest.swingui.logical.TVRelation" oid="E5F2F40C-A896-EC4B-6532-CBDB962F65C6" otype="Relation" vid_source="2DE33A3D-2B37-1151-FF24-51C4F34E7E56" vid_target="A0FD273F-5034-DE37-DD1A-9D6E0497D28A">
<hideElementsInCurrentOnly>false</hideElementsInCurrentOnly>
<lineWidth>1</lineWidth>
<points>
<point x="1039" y="214"/>
<point x="1266" y="214"/>
</points>
</Connector>
<Connector class="oracle.dbtools.crest.swingui.logical.TVRelation" oid="F0F9B15D-CFAE-9B4D-094D-F2C47DF7B864" otype="Relation" vid_source="88943D24-E933-6F85-B3CC-AB63E814527C" vid_target="75B5C402-AA5E-0467-58FE-16EE6D60D1D6">
<hideElementsInCurrentOnly>false</hideElementsInCurrentOnly>
<lineWidth>1</lineWidth>
<points>
<point x="1497" y="357"/>
<point x="1443" y="357"/>
</points>
</Connector>
</connectors>
</Diagram>