<?xml version = '1.0' encoding = 'UTF-8'?>
<FKIndexAssociation class="oracle.dbtools.crest.model.design.relational.FKIndexAssociation" directorySegmentName="seg_0" id="317DE9CB-9829-C47D-6E58-EF31F51AB7CE" containerWithKeyObject="FB458F8F-880E-7E28-EA1D-402190AA5CAD" localFKIndex="9B70B556-A87D-D06E-FD52-2EB04440FE4F" name="F15C7Comments_F15C7RFE_FK">
<createdBy>songye</createdBy>
<createdTime>2015-11-09 06:31:44 UTC</createdTime>
<generatorID>B8ED93E3-4FBF-91E9-B09D-0C4490D0B138</generatorID>
<ownerDesignName>F15C7LogicalModel</ownerDesignName>
<deleteRule>NO ACTION</deleteRule>
<referredTableID>F4C76584-1E37-5C31-423A-F7BDD738285E</referredTableID>
<keyObject>6CB8CB98-E86A-C6F5-56C2-D7CE25D9193F</keyObject>
<referredKeyID>6CB8CB98-E86A-C6F5-56C2-D7CE25D9193F</referredKeyID>
<mandatory>true</mandatory>
<transferable>true</transferable>
<rely>false</rely>
<columnDependencyConstraintGenerateInDDL>true</columnDependencyConstraintGenerateInDDL>
</FKIndexAssociation>