<?xml version = '1.0' encoding = 'UTF-8'?>
<FKIndexAssociation class="oracle.dbtools.crest.model.design.relational.FKIndexAssociation" directorySegmentName="seg_0" id="736F5D37-AC2A-9622-6885-2BA64C2B79E6" containerWithKeyObject="4ECB0399-9AA6-11B4-B1BF-2799505FFA5C" localFKIndex="03DD2932-333E-1C32-D22F-9A283D8554F4" name="F15C7Documents_F15C7RFE_FK">
<createdBy>songye</createdBy>
<createdTime>2015-11-09 06:31:44 UTC</createdTime>
<generatorID>0AA1A8BF-D9EC-655D-2F74-E3E4B02C70B9</generatorID>
<ownerDesignName>F15C7LogicalModel</ownerDesignName>
<deleteRule>NO ACTION</deleteRule>
<referredTableID>F4C76584-1E37-5C31-423A-F7BDD738285E</referredTableID>
<keyObject>6CB8CB98-E86A-C6F5-56C2-D7CE25D9193F</keyObject>
<referredKeyID>6CB8CB98-E86A-C6F5-56C2-D7CE25D9193F</referredKeyID>
<mandatory>true</mandatory>
<transferable>true</transferable>
<rely>false</rely>
<columnDependencyConstraintGenerateInDDL>true</columnDependencyConstraintGenerateInDDL>
</FKIndexAssociation>