<?xml version = '1.0' encoding = 'UTF-8'?>
<FKIndexAssociation class="oracle.dbtools.crest.model.design.relational.FKIndexAssociation" directorySegmentName="seg_0" id="806108D5-F872-7279-5B00-4A59FB5D3C40" containerWithKeyObject="FB458F8F-880E-7E28-EA1D-402190AA5CAD" localFKIndex="CD8184FA-8AD7-5BE8-F3F6-26AA5D4D5E47" name="F15C7Comments_F15C7Emp_FK">
<createdBy>songye</createdBy>
<createdTime>2015-11-09 06:31:44 UTC</createdTime>
<generatorID>C80EB895-5F64-EC19-8679-BA397DD3B594</generatorID>
<ownerDesignName>F15C7LogicalModel</ownerDesignName>
<deleteRule>NO ACTION</deleteRule>
<referredTableID>3D58DED2-2927-7BF5-FB6A-EBAD53C51C1C</referredTableID>
<keyObject>FB4976EA-2201-00F6-9DC6-5645075FE09E</keyObject>
<referredKeyID>FB4976EA-2201-00F6-9DC6-5645075FE09E</referredKeyID>
<mandatory>true</mandatory>
<transferable>true</transferable>
<rely>false</rely>
<columnDependencyConstraintGenerateInDDL>true</columnDependencyConstraintGenerateInDDL>
</FKIndexAssociation>