<?xml version = '1.0' encoding = 'UTF-8'?>
<FKIndexAssociation class="oracle.dbtools.crest.model.design.relational.FKIndexAssociation" directorySegmentName="seg_0" id="905D06B6-C8E1-BC69-1A9E-D5698D460D0C" containerWithKeyObject="3214724D-87B7-FF92-C1EE-2D767247F7A4" localFKIndex="154294F9-7C38-3678-E811-38E64BA09D4B" name="F15C7Contacts_F15C7Roles_FK">
<createdBy>songye</createdBy>
<createdTime>2015-11-09 06:31:44 UTC</createdTime>
<generatorID>9D322996-E4D1-C950-A0AD-B530CCF1ECB8</generatorID>
<ownerDesignName>F15C7LogicalModel</ownerDesignName>
<deleteRule>NO ACTION</deleteRule>
<referredTableID>877E738F-6D52-43B2-F76C-646BCBFCAE3E</referredTableID>
<keyObject>366088F0-AFE7-052A-DCA9-885DEBEB5EA5</keyObject>
<referredKeyID>366088F0-AFE7-052A-DCA9-885DEBEB5EA5</referredKeyID>
<mandatory>true</mandatory>
<transferable>true</transferable>
<rely>false</rely>
<columnDependencyConstraintGenerateInDDL>true</columnDependencyConstraintGenerateInDDL>
</FKIndexAssociation>