<?xml version = '1.0' encoding = 'UTF-8'?>
<relationalModel class="oracle.dbtools.crest.model.design.relational.RelationalDesign" name="Relational_1" id="1F6562BC-D090-2B39-0819-900C2DA79678" mainViewID="F88F070A-97C2-059B-D0AC-3B86C703FBCC">
<createdBy>songye</createdBy>
<createdTime>2015-11-09 06:00:06 UTC</createdTime>
<ownerDesignName>F15C7LogicalModel</ownerDesignName>
<shouldBeOpen>true</shouldBeOpen>
<selectedRDBMSSite>32076570-2523-435C-2E92-BF29817DFF70</selectedRDBMSSite>
</relationalModel>